dropoff_location_name,average_trips
Loop,10727.466666666667
River North,9523.666666666666
Streeterville,6664.666666666667
West Loop,5163.666666666667
O'Hare,2546.9
Lake View,2420.9666666666667
Grant Park,2068.5333333333333
Museum Campus,1510.0
Gold Coast,1364.2333333333331
Sheffield & DePaul,1259.7666666666669
